dialog_index,queries,hits,hit_rate,avg_max_sim
0,6,0,0.0,0.147662
1,6,0,0.0,0.128362
2,6,0,0.0,0.141114
3,6,0,0.0,0.118827
4,6,0,0.0,0.143782
5,6,0,0.0,0.16094
6,6,0,0.0,0.171882
7,6,0,0.0,0.153614
8,6,0,0.0,0.145677
9,6,0,0.0,0.184111
10,6,0,0.0,0.184902
11,6,0,0.0,0.166795
12,6,0,0.0,0.168456
13,6,0,0.0,0.190171
14,6,0,0.0,0.174946
15,6,0,0.0,0.106881
16,6,0,0.0,0.161917
17,6,0,0.0,0.187148
18,6,0,0.0,0.157841
19,6,0,0.0,0.190915
20,6,0,0.0,0.191157
21,6,0,0.0,0.150147
22,6,0,0.0,0.139681
23,6,0,0.0,0.169051
24,6,0,0.0,0.194421
25,6,0,0.0,0.125889
26,6,0,0.0,0.145248
27,6,0,0.0,0.203603
28,6,0,0.0,0.113383
29,6,0,0.0,0.169265
30,6,0,0.0,0.195064
31,6,0,0.0,0.181276
32,6,0,0.0,0.154049
33,6,0,0.0,0.148537
34,6,0,0.0,0.13989
35,6,0,0.0,0.159846
36,6,0,0.0,0.183307
37,6,0,0.0,0.165014
38,6,0,0.0,0.147876
39,6,0,0.0,0.149535
40,6,0,0.0,0.153153
41,6,0,0.0,0.133573
42,6,0,0.0,0.135891
43,6,0,0.0,0.170638
44,6,0,0.0,0.133371
45,6,0,0.0,0.167523
46,6,0,0.0,0.150415
47,6,0,0.0,0.151473
48,6,0,0.0,0.152504
49,6,0,0.0,0.167219
50,6,0,0.0,0.147638
51,6,0,0.0,0.157448
52,6,0,0.0,0.179868
53,6,0,0.0,0.194844
54,6,0,0.0,0.151424
55,6,0,0.0,0.198379
56,6,0,0.0,0.193057
57,6,0,0.0,0.170577
58,6,0,0.0,0.176512
59,6,0,0.0,0.147299
60,6,0,0.0,0.092858
61,6,0,0.0,0.123602
62,6,0,0.0,0.116576
63,6,0,0.0,0.178919
64,6,0,0.0,0.165575
65,6,0,0.0,0.187971
66,6,0,0.0,0.201963
67,6,0,0.0,0.176444
68,6,0,0.0,0.155686
69,6,0,0.0,0.179829
70,6,0,0.0,0.159406
71,6,0,0.0,0.124839
72,6,0,0.0,0.162078
73,6,0,0.0,0.220411
74,6,0,0.0,0.183993
75,6,0,0.0,0.186815
76,6,0,0.0,0.140946
77,6,0,0.0,0.171685
78,6,0,0.0,0.206846
79,6,0,0.0,0.168641
80,6,0,0.0,0.134867
81,6,0,0.0,0.138939
82,6,0,0.0,0.135677
83,6,0,0.0,0.165106
84,6,0,0.0,0.154628
85,6,0,0.0,0.19588
86,6,0,0.0,0.17441
87,6,0,0.0,0.159395
88,6,0,0.0,0.184649
89,6,0,0.0,0.219041
90,6,0,0.0,0.170406
91,6,0,0.0,0.172871
92,6,0,0.0,0.198481
93,6,0,0.0,0.110317
94,6,0,0.0,0.18268
95,6,0,0.0,0.200628
96,6,0,0.0,0.182022
97,6,0,0.0,0.159768
98,6,0,0.0,0.14773
99,6,0,0.0,0.183972
100,6,0,0.0,0.132932
101,6,0,0.0,0.150734
102,6,0,0.0,0.168665
103,6,0,0.0,0.149324
104,6,0,0.0,0.123086
105,6,0,0.0,0.167436
106,6,0,0.0,0.205989
107,6,0,0.0,0.190386
108,6,0,0.0,0.156011
109,6,0,0.0,0.168078
110,6,0,0.0,0.137794
111,6,0,0.0,0.171254
112,6,0,0.0,0.196437
113,6,0,0.0,0.122302
114,6,0,0.0,0.146858
115,6,0,0.0,0.164761
116,6,0,0.0,0.116224
117,6,0,0.0,0.109209
118,6,0,0.0,0.185978
119,6,0,0.0,0.208871
120,6,0,0.0,0.158224
121,6,0,0.0,0.152992
122,6,0,0.0,0.107715
123,6,0,0.0,0.186064
124,6,0,0.0,0.207971
125,6,0,0.0,0.157947
126,6,0,0.0,0.181515
127,6,0,0.0,0.159111
128,6,0,0.0,0.185061
129,6,0,0.0,0.147995
130,6,0,0.0,0.144128
131,6,0,0.0,0.129367
132,6,0,0.0,0.18525
133,6,0,0.0,0.160777
134,6,0,0.0,0.166079
135,6,0,0.0,0.18723
136,6,0,0.0,0.107293
137,6,0,0.0,0.117641
138,6,0,0.0,0.15097
139,6,0,0.0,0.176263
140,6,0,0.0,0.157186
141,6,0,0.0,0.206927
142,6,0,0.0,0.190807
143,6,0,0.0,0.168584
144,6,0,0.0,0.141293
145,6,0,0.0,0.149844
146,6,0,0.0,0.202132
147,6,0,0.0,0.177601
148,6,0,0.0,0.165074
149,6,0,0.0,0.165275
150,6,0,0.0,0.131964
151,6,0,0.0,0.173041
152,6,0,0.0,0.162235
153,6,0,0.0,0.191554
154,6,0,0.0,0.206411
155,6,0,0.0,0.196773
156,6,0,0.0,0.189281
157,6,0,0.0,0.149873
158,6,0,0.0,0.148338
159,6,0,0.0,0.189364
160,6,0,0.0,0.129682
161,6,0,0.0,0.15801
162,6,0,0.0,0.127864
163,6,0,0.0,0.151596
164,6,0,0.0,0.186698
165,6,0,0.0,0.165771
166,6,0,0.0,0.176877
167,6,0,0.0,0.203757
168,6,0,0.0,0.21497
169,6,0,0.0,0.144791
170,6,0,0.0,0.150633
171,6,0,0.0,0.187484
172,6,0,0.0,0.177412
173,6,0,0.0,0.16261
174,6,0,0.0,0.169128
175,6,0,0.0,0.141552
176,6,0,0.0,0.151411
177,6,0,0.0,0.177619
178,6,0,0.0,0.168913
179,6,0,0.0,0.183474
180,6,0,0.0,0.162355
181,6,0,0.0,0.161162
182,6,0,0.0,0.165123
183,6,0,0.0,0.166811
184,6,0,0.0,0.199006
185,6,0,0.0,0.185464
186,6,0,0.0,0.151933
187,6,0,0.0,0.204094
188,6,0,0.0,0.181021
189,6,0,0.0,0.127556
190,6,0,0.0,0.181903
191,6,0,0.0,0.128892
192,6,0,0.0,0.171723
193,6,0,0.0,0.148945
194,6,0,0.0,0.162937
195,6,0,0.0,0.147711
196,6,0,0.0,0.173475
197,6,0,0.0,0.183854
198,6,0,0.0,0.153752
199,6,0,0.0,0.128482
200,6,0,0.0,0.13464
201,6,0,0.0,0.111526
202,6,0,0.0,0.153083
203,6,0,0.0,0.145682
204,6,0,0.0,0.167379
205,6,0,0.0,0.163791
206,6,0,0.0,0.117847
207,6,0,0.0,0.11309
208,6,0,0.0,0.217395
209,6,0,0.0,0.187105
210,6,0,0.0,0.152436
211,6,0,0.0,0.175892
212,6,0,0.0,0.152119
213,6,0,0.0,0.129511
214,6,0,0.0,0.161733
215,6,0,0.0,0.162249
216,6,0,0.0,0.174224
217,6,0,0.0,0.160231
218,6,0,0.0,0.169297
219,6,0,0.0,0.148998
220,6,0,0.0,0.189521
221,6,0,0.0,0.154689
222,6,0,0.0,0.204868
223,6,0,0.0,0.186666
224,6,0,0.0,0.194192
225,6,0,0.0,0.162277
226,6,0,0.0,0.16051
227,6,0,0.0,0.171352
228,6,0,0.0,0.139395
229,6,0,0.0,0.200873
230,6,0,0.0,0.144437
231,6,0,0.0,0.168892
232,6,0,0.0,0.192438
233,6,0,0.0,0.153464
234,6,0,0.0,0.15224
235,6,0,0.0,0.187721
236,6,0,0.0,0.177097
237,6,0,0.0,0.148785
238,6,0,0.0,0.165742
239,6,0,0.0,0.189525
240,6,0,0.0,0.190709
241,6,0,0.0,0.173719
242,6,0,0.0,0.152308
243,6,0,0.0,0.162091
244,6,0,0.0,0.148137
245,6,0,0.0,0.200396
246,6,0,0.0,0.162201
247,6,0,0.0,0.118021
248,6,0,0.0,0.145289
249,6,0,0.0,0.183966
250,6,0,0.0,0.168141
251,6,0,0.0,0.177539
252,6,0,0.0,0.156743
253,6,0,0.0,0.114335
254,6,0,0.0,0.131642
255,6,0,0.0,0.177219
256,6,0,0.0,0.157692
257,6,0,0.0,0.144689
258,6,0,0.0,0.15651
259,6,0,0.0,0.169138
260,6,0,0.0,0.179027
261,6,0,0.0,0.181338
262,6,0,0.0,0.148108
263,6,0,0.0,0.134133
264,6,0,0.0,0.150709
265,6,0,0.0,0.156015
266,6,0,0.0,0.154159
267,6,0,0.0,0.187537
268,6,0,0.0,0.202973
269,6,0,0.0,0.120663
270,6,0,0.0,0.208979
271,6,0,0.0,0.173454
272,6,0,0.0,0.152756
273,6,0,0.0,0.155235
274,6,0,0.0,0.197129
275,6,0,0.0,0.209685
276,6,0,0.0,0.203169
277,6,0,0.0,0.164336
278,6,0,0.0,0.127933
279,6,0,0.0,0.167812
280,6,0,0.0,0.197287
281,6,0,0.0,0.186551
282,6,0,0.0,0.141811
283,6,0,0.0,0.197166
284,6,0,0.0,0.150541
285,6,0,0.0,0.220967
286,6,0,0.0,0.200617
287,6,0,0.0,0.16306
288,6,0,0.0,0.174246
289,6,0,0.0,0.157694
290,6,0,0.0,0.1414
291,6,0,0.0,0.173437
292,6,0,0.0,0.159141
293,6,0,0.0,0.152236
294,6,0,0.0,0.111685
295,6,0,0.0,0.171563
296,6,0,0.0,0.14102
297,6,0,0.0,0.093274
298,6,0,0.0,0.155548
299,6,0,0.0,0.180967
300,6,0,0.0,0.141786
301,6,0,0.0,0.142325
302,6,0,0.0,0.153857
303,6,0,0.0,0.214813
304,6,0,0.0,0.217863
305,6,0,0.0,0.196473
306,6,0,0.0,0.158636
307,6,0,0.0,0.163624
308,6,0,0.0,0.167667
309,6,0,0.0,0.179721
310,6,0,0.0,0.186273
311,6,0,0.0,0.19751
312,6,0,0.0,0.179706
313,6,0,0.0,0.100584
314,6,0,0.0,0.197429
315,6,0,0.0,0.150679
316,6,0,0.0,0.156632
317,6,0,0.0,0.203162
318,6,0,0.0,0.103504
319,6,0,0.0,0.151886
320,6,0,0.0,0.156403
321,6,0,0.0,0.156682
322,6,0,0.0,0.153126
323,6,0,0.0,0.113049
324,6,0,0.0,0.149724
325,6,0,0.0,0.173766
326,6,0,0.0,0.1422
327,6,0,0.0,0.19712
328,6,0,0.0,0.18195
329,6,0,0.0,0.179823
330,6,0,0.0,0.15583
331,6,0,0.0,0.14013
332,6,0,0.0,0.152942
333,6,0,0.0,0.164891
334,6,0,0.0,0.239422
335,6,0,0.0,0.1878
336,6,0,0.0,0.16265
337,6,0,0.0,0.185818
338,6,0,0.0,0.129915
339,6,0,0.0,0.198332
340,6,0,0.0,0.117782
341,6,0,0.0,0.153171
342,6,0,0.0,0.181377
343,6,0,0.0,0.177249
344,6,0,0.0,0.151346
345,6,0,0.0,0.184152
346,6,0,0.0,0.143151
347,6,0,0.0,0.158925
348,6,0,0.0,0.165624
349,6,0,0.0,0.133516
350,6,0,0.0,0.161052
351,6,0,0.0,0.191365
352,6,0,0.0,0.169913
353,6,0,0.0,0.202306
354,6,0,0.0,0.178749
355,6,0,0.0,0.162207
356,6,0,0.0,0.203648
357,6,0,0.0,0.168663
358,6,0,0.0,0.184778
359,6,0,0.0,0.181399
360,6,0,0.0,0.15445
361,6,0,0.0,0.179169
362,6,0,0.0,0.179673
363,6,0,0.0,0.193003
364,6,0,0.0,0.140339
365,6,0,0.0,0.137067
366,6,0,0.0,0.204797
367,6,0,0.0,0.231605
368,6,0,0.0,0.151273
369,6,0,0.0,0.181434
370,6,0,0.0,0.1475
371,6,0,0.0,0.139873
372,6,0,0.0,0.111748
373,6,0,0.0,0.149965
374,6,0,0.0,0.146118
375,6,0,0.0,0.16868
376,6,0,0.0,0.165239
377,6,0,0.0,0.158256
378,6,0,0.0,0.169279
379,6,0,0.0,0.186572
380,6,0,0.0,0.139618
381,6,0,0.0,0.139964
382,6,0,0.0,0.179032
383,6,0,0.0,0.13697
384,6,0,0.0,0.165777
385,6,0,0.0,0.13976
386,6,0,0.0,0.177392
387,6,0,0.0,0.161077
388,6,0,0.0,0.127715
389,6,0,0.0,0.177424
390,6,0,0.0,0.09905
391,6,0,0.0,0.170674
392,6,0,0.0,0.134191
393,6,0,0.0,0.114365
394,6,0,0.0,0.184538
395,6,0,0.0,0.187477
396,6,0,0.0,0.148595
397,6,0,0.0,0.171409
398,6,0,0.0,0.136077
399,6,0,0.0,0.194295
400,6,0,0.0,0.178553
401,6,0,0.0,0.128436
402,6,0,0.0,0.140385
403,6,0,0.0,0.165876
404,6,0,0.0,0.193022
405,6,0,0.0,0.200597
406,6,0,0.0,0.168805
407,6,0,0.0,0.130958
408,6,0,0.0,0.186742
409,6,0,0.0,0.15817
410,6,0,0.0,0.152088
411,6,0,0.0,0.138031
412,6,0,0.0,0.206323
413,6,0,0.0,0.150771
414,6,0,0.0,0.106537
415,6,0,0.0,0.201159
416,6,0,0.0,0.187814
417,6,0,0.0,0.200428
418,6,0,0.0,0.1753
419,6,0,0.0,0.172185
420,6,0,0.0,0.159186
421,6,0,0.0,0.199028
422,6,0,0.0,0.147574
423,6,0,0.0,0.244187
424,6,0,0.0,0.145989
425,6,0,0.0,0.172147
426,6,0,0.0,0.169645
427,6,0,0.0,0.156017
428,6,0,0.0,0.217609
429,6,0,0.0,0.126404
430,6,0,0.0,0.142459
431,6,0,0.0,0.151673
432,6,0,0.0,0.189886
433,6,0,0.0,0.188769
434,6,0,0.0,0.144079
435,6,0,0.0,0.195011
436,6,0,0.0,0.151646
437,6,0,0.0,0.1826
438,6,0,0.0,0.167359
439,6,0,0.0,0.125921
440,6,0,0.0,0.178627
441,6,0,0.0,0.107443
442,6,0,0.0,0.130218
443,6,0,0.0,0.158131
444,6,0,0.0,0.152042
445,6,0,0.0,0.186665
446,6,0,0.0,0.18578
447,6,0,0.0,0.228582
448,6,0,0.0,0.195445
449,6,0,0.0,0.167377
450,6,0,0.0,0.140983
451,6,0,0.0,0.180777
452,6,0,0.0,0.173564
453,6,0,0.0,0.15149
454,6,0,0.0,0.160138
455,6,0,0.0,0.217481
456,6,0,0.0,0.148928
457,6,0,0.0,0.165186
458,6,0,0.0,0.150769
459,6,0,0.0,0.141975
460,6,0,0.0,0.156948
461,6,0,0.0,0.181045
462,6,0,0.0,0.133508
463,6,0,0.0,0.156713
464,6,0,0.0,0.189919
465,6,0,0.0,0.200318
466,6,0,0.0,0.135186
467,6,0,0.0,0.182483
468,6,0,0.0,0.19175
469,6,0,0.0,0.146822
470,6,0,0.0,0.168957
471,6,0,0.0,0.204162
472,6,0,0.0,0.196867
473,6,0,0.0,0.157131
474,6,0,0.0,0.162341
475,6,0,0.0,0.166173
476,6,0,0.0,0.152548
477,6,0,0.0,0.127806
478,6,0,0.0,0.147037
479,6,0,0.0,0.17492
480,6,0,0.0,0.211767
481,6,0,0.0,0.207873
482,6,0,0.0,0.209998
483,6,0,0.0,0.166492
484,6,0,0.0,0.181431
485,6,0,0.0,0.165309
486,6,0,0.0,0.173477
487,6,0,0.0,0.175568
488,6,0,0.0,0.181783
489,6,0,0.0,0.241504
490,6,0,0.0,0.141186
491,6,0,0.0,0.121613
492,6,0,0.0,0.163833
493,6,0,0.0,0.159754
494,6,0,0.0,0.167813
495,6,0,0.0,0.177777
496,6,0,0.0,0.222209
497,6,0,0.0,0.197619
498,6,0,0.0,0.171685
499,6,0,0.0,0.144888
500,6,0,0.0,0.185808
501,6,0,0.0,0.183092
502,6,0,0.0,0.147275
503,6,0,0.0,0.182116
504,6,0,0.0,0.192858
505,6,0,0.0,0.189776
506,6,0,0.0,0.187507
507,6,0,0.0,0.183974
508,6,0,0.0,0.198775
509,6,0,0.0,0.141492
510,6,0,0.0,0.179718
511,6,0,0.0,0.136835
512,6,0,0.0,0.195622
513,6,0,0.0,0.198626
514,6,0,0.0,0.145329
515,6,0,0.0,0.131564
516,6,0,0.0,0.160703
517,6,0,0.0,0.175035
518,6,0,0.0,0.152402
519,6,0,0.0,0.14328
520,6,0,0.0,0.179231
521,6,0,0.0,0.148623
522,6,0,0.0,0.154904
523,6,0,0.0,0.190246
524,6,0,0.0,0.170471
525,6,0,0.0,0.173918
526,6,0,0.0,0.167257
527,6,0,0.0,0.148371
528,6,0,0.0,0.202328
529,6,0,0.0,0.187387
530,6,0,0.0,0.14679
531,6,0,0.0,0.151895
532,6,0,0.0,0.166125
533,6,0,0.0,0.172587
534,6,0,0.0,0.18133
535,6,0,0.0,0.132863
536,6,0,0.0,0.167345
537,6,0,0.0,0.203221
538,6,0,0.0,0.16645
539,6,0,0.0,0.138669
540,6,0,0.0,0.214386
541,6,0,0.0,0.16169
542,6,0,0.0,0.170145
543,6,0,0.0,0.227486
544,6,0,0.0,0.213535
545,6,0,0.0,0.123028
546,6,0,0.0,0.182257
547,6,0,0.0,0.184913
548,6,0,0.0,0.174217
549,6,0,0.0,0.174731
550,6,0,0.0,0.173339
551,6,0,0.0,0.193729
552,6,0,0.0,0.175553
553,6,0,0.0,0.153699
554,6,0,0.0,0.167165
555,6,0,0.0,0.2135
556,6,0,0.0,0.164395
557,6,0,0.0,0.194798
558,6,0,0.0,0.139457
559,6,0,0.0,0.193481
560,6,0,0.0,0.174311
561,6,0,0.0,0.176133
562,6,0,0.0,0.203156
563,6,0,0.0,0.186789
564,6,0,0.0,0.160997
565,6,0,0.0,0.180976
566,6,0,0.0,0.163551
567,6,0,0.0,0.196677
568,6,0,0.0,0.156136
569,6,0,0.0,0.13414
570,6,0,0.0,0.211841
571,6,0,0.0,0.148961
572,6,0,0.0,0.197788
573,6,0,0.0,0.152945
574,6,0,0.0,0.162698
575,6,0,0.0,0.170009
576,6,0,0.0,0.171033
577,6,0,0.0,0.138998
578,6,0,0.0,0.122917
579,6,0,0.0,0.135413
580,6,0,0.0,0.230737
581,6,0,0.0,0.15502
582,6,0,0.0,0.152391
583,6,0,0.0,0.154886
584,6,0,0.0,0.199132
585,6,0,0.0,0.203876
586,6,0,0.0,0.145932
587,6,0,0.0,0.166785
588,6,0,0.0,0.153024
589,6,0,0.0,0.167389
590,6,0,0.0,0.124885
591,6,0,0.0,0.147765
592,6,0,0.0,0.196035
593,6,0,0.0,0.179854
594,6,0,0.0,0.182709
595,6,0,0.0,0.158951
596,6,0,0.0,0.179304
597,6,0,0.0,0.140581
598,6,0,0.0,0.168652
599,6,0,0.0,0.138422
600,6,0,0.0,0.158226
601,6,0,0.0,0.183627
602,6,0,0.0,0.15569
603,6,0,0.0,0.149903
604,6,0,0.0,0.153141
605,6,0,0.0,0.18473
606,6,0,0.0,0.180208
607,6,0,0.0,0.185813
608,6,0,0.0,0.166947
609,6,0,0.0,0.184191
610,6,0,0.0,0.177532
611,6,0,0.0,0.149067
612,6,0,0.0,0.176118
613,6,0,0.0,0.180706
614,6,0,0.0,0.209642
615,6,0,0.0,0.118442
616,6,0,0.0,0.164019
617,6,0,0.0,0.15916
618,6,0,0.0,0.156417
619,6,0,0.0,0.198753
620,6,0,0.0,0.176467
621,6,0,0.0,0.161454
622,6,0,0.0,0.153088
623,6,0,0.0,0.126443
624,6,0,0.0,0.15954
625,6,0,0.0,0.146061
626,6,0,0.0,0.174248
627,6,0,0.0,0.146894
628,6,0,0.0,0.149472
629,6,0,0.0,0.191262
630,6,0,0.0,0.196355
631,6,0,0.0,0.199069
632,6,0,0.0,0.220308
633,6,0,0.0,0.18911
634,6,0,0.0,0.171642
635,6,0,0.0,0.163951
636,6,0,0.0,0.209019
637,6,0,0.0,0.20798
638,6,0,0.0,0.182826
639,6,0,0.0,0.160519
640,6,0,0.0,0.150885
641,6,0,0.0,0.168059
642,6,0,0.0,0.157347
643,6,0,0.0,0.133364
644,6,0,0.0,0.174901
645,6,0,0.0,0.147118
646,6,0,0.0,0.157276
647,6,0,0.0,0.142179
648,6,0,0.0,0.228393
649,6,0,0.0,0.179166
650,6,0,0.0,0.149571
651,6,0,0.0,0.122523
652,6,0,0.0,0.158534
653,6,0,0.0,0.136197
654,6,0,0.0,0.158276
655,6,0,0.0,0.137422
656,6,0,0.0,0.18175
657,6,0,0.0,0.217106
658,6,0,0.0,0.160069
659,6,0,0.0,0.133332
660,6,0,0.0,0.134592
661,6,0,0.0,0.189049
662,6,0,0.0,0.206106
663,6,0,0.0,0.180888
664,6,0,0.0,0.185017
665,6,0,0.0,0.106407
666,6,0,0.0,0.151532
667,6,0,0.0,0.208237
668,6,0,0.0,0.177716
669,6,0,0.0,0.153463
670,6,0,0.0,0.149957
671,6,0,0.0,0.159802
672,6,0,0.0,0.170268
673,6,0,0.0,0.198545
674,6,0,0.0,0.199991
675,6,0,0.0,0.178282
676,6,0,0.0,0.143899
677,6,0,0.0,0.1687
678,6,0,0.0,0.172582
679,6,0,0.0,0.176147
680,6,0,0.0,0.171914
681,6,0,0.0,0.126151
682,6,0,0.0,0.150789
683,6,0,0.0,0.188989
684,6,0,0.0,0.169415
685,6,0,0.0,0.188147
686,6,0,0.0,0.169089
687,6,0,0.0,0.156357
688,6,0,0.0,0.165851
689,6,0,0.0,0.176867
690,6,0,0.0,0.165038
691,6,0,0.0,0.151451
692,6,0,0.0,0.167504
693,6,0,0.0,0.141211
694,6,0,0.0,0.180278
695,6,0,0.0,0.14501
696,6,0,0.0,0.132366
697,6,0,0.0,0.135652
698,6,0,0.0,0.164086
699,6,0,0.0,0.147222
700,6,0,0.0,0.165456
701,6,0,0.0,0.17204
702,6,0,0.0,0.190838
703,6,0,0.0,0.154008
704,6,0,0.0,0.172976
705,6,0,0.0,0.15883
706,6,0,0.0,0.21646
707,6,0,0.0,0.11629
708,6,0,0.0,0.138692
709,6,0,0.0,0.183268
710,6,0,0.0,0.141866
711,6,0,0.0,0.129104
712,6,0,0.0,0.141835
713,6,0,0.0,0.150109
714,6,0,0.0,0.150079
715,6,0,0.0,0.182697
716,6,0,0.0,0.164955
717,6,0,0.0,0.164312
718,6,0,0.0,0.197123
719,6,0,0.0,0.171186
720,6,0,0.0,0.191334
721,6,0,0.0,0.19859
722,6,0,0.0,0.151629
723,6,0,0.0,0.152684
724,6,0,0.0,0.171872
725,6,0,0.0,0.153683
726,6,0,0.0,0.16546
727,6,0,0.0,0.128602
728,6,0,0.0,0.17038
729,6,0,0.0,0.110406
730,6,0,0.0,0.159586
731,6,0,0.0,0.183211
732,6,0,0.0,0.158543
733,6,0,0.0,0.158709
734,6,0,0.0,0.189472
735,6,0,0.0,0.123323
736,6,0,0.0,0.164606
737,6,0,0.0,0.207408
738,6,0,0.0,0.14072
739,6,0,0.0,0.150223
740,6,0,0.0,0.154873
741,6,0,0.0,0.176071
742,6,0,0.0,0.158087
743,6,0,0.0,0.1861
744,6,0,0.0,0.170544
745,6,0,0.0,0.168925
746,6,0,0.0,0.184978
747,6,0,0.0,0.10212
748,6,0,0.0,0.169291
749,6,0,0.0,0.199241
750,6,0,0.0,0.17174
751,6,0,0.0,0.220386
752,6,0,0.0,0.145633
753,6,0,0.0,0.185421
754,6,0,0.0,0.183844
755,6,0,0.0,0.149085
756,6,0,0.0,0.178592
757,6,0,0.0,0.16468
758,6,0,0.0,0.178042
759,6,0,0.0,0.155681
760,6,0,0.0,0.146678
761,6,0,0.0,0.161014
762,6,0,0.0,0.196894
763,6,0,0.0,0.165149
764,6,0,0.0,0.169526
765,6,0,0.0,0.180281
766,6,0,0.0,0.18165
767,6,0,0.0,0.191724
768,6,0,0.0,0.200743
769,6,0,0.0,0.18274
770,6,0,0.0,0.155292
771,6,0,0.0,0.178287
772,6,0,0.0,0.182621
773,6,0,0.0,0.146406
774,6,0,0.0,0.225119
775,6,0,0.0,0.211544
776,6,0,0.0,0.176899
777,6,0,0.0,0.177784
778,6,0,0.0,0.169068
779,6,0,0.0,0.15486
780,6,0,0.0,0.17775
781,6,0,0.0,0.151909
782,6,0,0.0,0.193619
783,6,0,0.0,0.180845
784,6,0,0.0,0.166998
785,6,0,0.0,0.157599
786,6,0,0.0,0.132732
787,6,0,0.0,0.16995
788,6,0,0.0,0.21209
789,6,0,0.0,0.202134
790,6,0,0.0,0.179376
791,6,0,0.0,0.167173
792,6,0,0.0,0.168949
793,6,0,0.0,0.176868
794,6,0,0.0,0.164923
795,6,0,0.0,0.186869
796,6,0,0.0,0.180274
797,6,0,0.0,0.168255
798,6,0,0.0,0.198126
799,6,0,0.0,0.149532
800,6,0,0.0,0.157365
801,6,0,0.0,0.183243
802,6,0,0.0,0.130974
803,6,0,0.0,0.169335
804,6,0,0.0,0.149764
805,6,0,0.0,0.159403
806,6,0,0.0,0.145139
807,6,0,0.0,0.200372
808,6,0,0.0,0.223545
809,6,0,0.0,0.18008
810,6,0,0.0,0.184474
811,6,0,0.0,0.176804
812,6,0,0.0,0.157451
813,6,0,0.0,0.185364
814,6,0,0.0,0.149167
815,6,0,0.0,0.195674
816,6,0,0.0,0.143543
817,6,0,0.0,0.188145
818,6,0,0.0,0.149399
819,6,0,0.0,0.143471
820,6,0,0.0,0.169736
821,6,0,0.0,0.158926
822,6,0,0.0,0.151401
823,6,0,0.0,0.163065
824,6,0,0.0,0.149403
825,6,0,0.0,0.155926
826,6,0,0.0,0.143511
827,6,0,0.0,0.121458
828,6,0,0.0,0.192433
829,6,0,0.0,0.152362
830,6,0,0.0,0.182187
831,6,0,0.0,0.137954
832,6,0,0.0,0.186117
833,6,0,0.0,0.165687
834,6,0,0.0,0.193719
835,6,0,0.0,0.174709
836,6,0,0.0,0.141323
837,6,0,0.0,0.163696
838,6,0,0.0,0.136442
839,6,0,0.0,0.158035
840,6,0,0.0,0.184843
841,6,0,0.0,0.153642
842,6,0,0.0,0.179541
843,6,0,0.0,0.161945
844,6,0,0.0,0.153335
845,6,0,0.0,0.1394
846,6,0,0.0,0.16581
847,6,0,0.0,0.186697
848,6,0,0.0,0.220801
849,6,0,0.0,0.189088
850,6,0,0.0,0.195693
851,6,0,0.0,0.158114
852,6,0,0.0,0.163101
853,6,0,0.0,0.187845
854,6,0,0.0,0.179143
855,6,0,0.0,0.16274
856,6,0,0.0,0.169509
857,6,0,0.0,0.156809
858,6,0,0.0,0.19157
859,6,0,0.0,0.167753
860,6,0,0.0,0.189131
861,6,0,0.0,0.22226
862,6,0,0.0,0.166414
863,6,0,0.0,0.225476
864,6,0,0.0,0.169847
865,6,0,0.0,0.180045
866,6,0,0.0,0.1667
867,6,0,0.0,0.159173
868,6,0,0.0,0.145965
869,6,0,0.0,0.178543
870,6,0,0.0,0.209468
871,6,0,0.0,0.135626
872,6,0,0.0,0.188869
873,6,0,0.0,0.181513
874,6,0,0.0,0.153529
875,6,0,0.0,0.180055
876,6,0,0.0,0.158054
877,6,0,0.0,0.172446
878,6,0,0.0,0.158652
879,6,0,0.0,0.150104
880,6,0,0.0,0.164522
881,6,0,0.0,0.191957
882,6,0,0.0,0.183337
883,6,0,0.0,0.183885
884,6,0,0.0,0.169005
885,6,0,0.0,0.225445
886,6,0,0.0,0.179406
887,6,0,0.0,0.165911
888,6,0,0.0,0.152029
889,6,0,0.0,0.172575
890,6,0,0.0,0.151185
891,6,0,0.0,0.185107
892,6,0,0.0,0.129119
893,6,0,0.0,0.161883
894,6,0,0.0,0.126292
895,6,0,0.0,0.189588
896,6,0,0.0,0.173935
897,6,0,0.0,0.158376
898,6,0,0.0,0.188899
899,6,0,0.0,0.173262
900,6,0,0.0,0.171049
901,6,0,0.0,0.193533
902,6,0,0.0,0.126395
903,6,0,0.0,0.145753
904,6,0,0.0,0.14791
905,6,0,0.0,0.171417
906,6,0,0.0,0.125488
907,6,0,0.0,0.198169
908,6,0,0.0,0.206413
909,6,0,0.0,0.143089
910,6,0,0.0,0.201072
911,6,0,0.0,0.172972
912,6,0,0.0,0.194844
913,6,0,0.0,0.148129
914,6,0,0.0,0.141935
915,6,0,0.0,0.159608
916,6,0,0.0,0.161705
917,6,0,0.0,0.163556
918,6,0,0.0,0.205935
919,6,0,0.0,0.196575
920,6,0,0.0,0.174272
921,6,0,0.0,0.184364
922,6,0,0.0,0.202912
923,6,0,0.0,0.183589
924,6,0,0.0,0.213106
925,6,0,0.0,0.160387
926,6,0,0.0,0.226463
927,6,0,0.0,0.168562
928,6,0,0.0,0.171343
929,6,0,0.0,0.17961
930,6,0,0.0,0.164816
931,6,0,0.0,0.207418
932,6,0,0.0,0.142234
933,6,0,0.0,0.150142
934,6,0,0.0,0.163399
935,6,0,0.0,0.141982
936,6,0,0.0,0.160265
937,6,0,0.0,0.216835
938,6,0,0.0,0.173548
939,6,0,0.0,0.178021
940,6,0,0.0,0.135583
941,6,0,0.0,0.187169
942,6,0,0.0,0.212594
943,6,0,0.0,0.151971
944,6,0,0.0,0.172949
945,6,0,0.0,0.119945
946,6,0,0.0,0.140547
947,6,0,0.0,0.14493
948,6,0,0.0,0.180609
949,6,0,0.0,0.189557
950,6,0,0.0,0.212928
951,6,0,0.0,0.166437
952,6,0,0.0,0.17973
953,6,0,0.0,0.174485
954,6,0,0.0,0.194231
955,6,0,0.0,0.183694
956,6,0,0.0,0.12729
957,6,0,0.0,0.164719
958,6,0,0.0,0.179755
959,6,0,0.0,0.191975
960,6,0,0.0,0.135896
961,6,0,0.0,0.200799
962,6,0,0.0,0.187274
963,6,0,0.0,0.154392
964,6,0,0.0,0.155461
965,6,0,0.0,0.174981
966,6,0,0.0,0.12281
967,6,0,0.0,0.1888
968,6,0,0.0,0.153016
969,6,0,0.0,0.188356
970,6,0,0.0,0.142874
971,6,0,0.0,0.189944
972,6,0,0.0,0.170454
973,6,0,0.0,0.174399
974,6,0,0.0,0.240165
975,6,0,0.0,0.156329
976,6,0,0.0,0.166408
977,6,0,0.0,0.168566
978,6,0,0.0,0.193731
979,6,0,0.0,0.152022
980,6,0,0.0,0.155608
981,6,0,0.0,0.151096
982,6,0,0.0,0.181516
983,6,0,0.0,0.208198
984,6,0,0.0,0.208562
985,6,0,0.0,0.168034
986,6,0,0.0,0.14486
987,6,0,0.0,0.146487
988,6,0,0.0,0.154354
989,6,0,0.0,0.168114
990,6,0,0.0,0.14821
991,6,0,0.0,0.188667
992,6,0,0.0,0.160815
993,6,0,0.0,0.146547
994,6,0,0.0,0.193687
995,6,0,0.0,0.180477
996,6,0,0.0,0.23051
997,6,0,0.0,0.137602
998,6,0,0.0,0.161149
999,6,0,0.0,0.186472
1000,6,0,0.0,0.194859
1001,6,0,0.0,0.161329
1002,6,0,0.0,0.149883
1003,6,0,0.0,0.144697
1004,6,0,0.0,0.237212
1005,6,0,0.0,0.153893
1006,6,0,0.0,0.157167
1007,6,0,0.0,0.183646
1008,6,0,0.0,0.162004
1009,6,0,0.0,0.232237
1010,6,0,0.0,0.132375
1011,6,0,0.0,0.15144
1012,6,0,0.0,0.154807
1013,6,0,0.0,0.167698
1014,6,0,0.0,0.182513
1015,6,0,0.0,0.242838
1016,6,0,0.0,0.206208
1017,6,0,0.0,0.14416
1018,6,0,0.0,0.158878
1019,6,0,0.0,0.17482
1020,6,0,0.0,0.153135
1021,6,0,0.0,0.186853
1022,6,0,0.0,0.186536
1023,6,0,0.0,0.142769
1024,6,0,0.0,0.155716
1025,6,0,0.0,0.181749
1026,6,0,0.0,0.194703
1027,6,0,0.0,0.127827
1028,6,0,0.0,0.143269
1029,6,0,0.0,0.17043
1030,6,0,0.0,0.167562
1031,6,0,0.0,0.181811
1032,6,0,0.0,0.197993
1033,6,0,0.0,0.161847
1034,6,0,0.0,0.149251
1035,6,0,0.0,0.182063
1036,6,0,0.0,0.153474
1037,6,0,0.0,0.167637
1038,6,0,0.0,0.191392
1039,6,0,0.0,0.160129
1040,6,0,0.0,0.196349
1041,6,0,0.0,0.160666
1042,6,0,0.0,0.181446
1043,6,0,0.0,0.172474
1044,6,0,0.0,0.199144
1045,6,0,0.0,0.220406
1046,6,0,0.0,0.158991
1047,6,0,0.0,0.181562
1048,6,0,0.0,0.142303
1049,6,0,0.0,0.176709
1050,6,0,0.0,0.141249
1051,6,0,0.0,0.180588
1052,6,0,0.0,0.175717
1053,6,0,0.0,0.154085
1054,6,0,0.0,0.156693
1055,6,0,0.0,0.165249
1056,6,0,0.0,0.158226
1057,6,0,0.0,0.154248
1058,6,0,0.0,0.138422
1059,6,0,0.0,0.19574
1060,6,0,0.0,0.174639
1061,6,0,0.0,0.17863
1062,6,0,0.0,0.151425
1063,6,0,0.0,0.17622
1064,6,0,0.0,0.137961
1065,6,0,0.0,0.206133
1066,6,0,0.0,0.137377
1067,6,0,0.0,0.172583
1068,6,0,0.0,0.163462
1069,6,0,0.0,0.198142
1070,6,0,0.0,0.181415
1071,6,0,0.0,0.142939
1072,6,0,0.0,0.17119
1073,6,0,0.0,0.151957
1074,6,0,0.0,0.190524
1075,6,0,0.0,0.197312
1076,6,0,0.0,0.167052
1077,6,0,0.0,0.130736
1078,6,0,0.0,0.131226
1079,6,0,0.0,0.195425
1080,6,0,0.0,0.169854
1081,6,0,0.0,0.147608
1082,6,0,0.0,0.14241
1083,6,0,0.0,0.178535
1084,6,0,0.0,0.183588
1085,6,0,0.0,0.159455
1086,6,0,0.0,0.1554
1087,6,0,0.0,0.164693
1088,6,0,0.0,0.172582
1089,6,0,0.0,0.205956
1090,6,0,0.0,0.123465
1091,6,0,0.0,0.184361
1092,6,0,0.0,0.191954
1093,6,0,0.0,0.155285
1094,6,0,0.0,0.225142
1095,6,0,0.0,0.167384
1096,6,0,0.0,0.165686
1097,6,0,0.0,0.209109
1098,6,0,0.0,0.178368
1099,6,0,0.0,0.200907
1100,6,0,0.0,0.161886
1101,6,0,0.0,0.165281
1102,6,0,0.0,0.166674
1103,6,0,0.0,0.162177
1104,6,0,0.0,0.18438
1105,6,0,0.0,0.194172
1106,6,0,0.0,0.148253
1107,6,0,0.0,0.201671
1108,6,0,0.0,0.187719
1109,6,0,0.0,0.167017
1110,6,0,0.0,0.199789
1111,6,0,0.0,0.180675
1112,6,0,0.0,0.181055
1113,6,0,0.0,0.19868
1114,6,0,0.0,0.16784
1115,6,0,0.0,0.17071
1116,6,0,0.0,0.180623
1117,6,0,0.0,0.16747
1118,6,0,0.0,0.175256
1119,6,0,0.0,0.161685
1120,6,0,0.0,0.205106
1121,6,0,0.0,0.171615
1122,6,0,0.0,0.173462
1123,6,0,0.0,0.158564
1124,6,0,0.0,0.171056
1125,6,0,0.0,0.162347
1126,6,0,0.0,0.170166
1127,6,0,0.0,0.174899
1128,6,0,0.0,0.183185
1129,6,0,0.0,0.131506
1130,6,0,0.0,0.133008
1131,6,0,0.0,0.140213
1132,6,0,0.0,0.175262
1133,6,0,0.0,0.225066
1134,6,0,0.0,0.178456
1135,6,0,0.0,0.170554
1136,6,0,0.0,0.164121
1137,6,0,0.0,0.190657
1138,6,0,0.0,0.159428
1139,6,0,0.0,0.213212
1140,6,0,0.0,0.135084
1141,6,0,0.0,0.171139
1142,6,0,0.0,0.172818
1143,6,0,0.0,0.142699
1144,6,0,0.0,0.158396
1145,6,0,0.0,0.181315
1146,6,0,0.0,0.175141
1147,6,0,0.0,0.137484
1148,6,0,0.0,0.169577
1149,6,0,0.0,0.226497
1150,6,0,0.0,0.149459
1151,6,0,0.0,0.182589
1152,6,0,0.0,0.139436
1153,6,0,0.0,0.148548
1154,6,0,0.0,0.195531
1155,6,0,0.0,0.179985
1156,6,0,0.0,0.158146
1157,6,0,0.0,0.149822
1158,6,0,0.0,0.170936
1159,6,0,0.0,0.164841
1160,6,0,0.0,0.151395
1161,6,0,0.0,0.181288
1162,6,0,0.0,0.150082
1163,6,0,0.0,0.163952
1164,6,0,0.0,0.164322
1165,6,0,0.0,0.162634
1166,6,0,0.0,0.184335
1167,6,0,0.0,0.187632
1168,6,0,0.0,0.180976
1169,6,0,0.0,0.179565
1170,6,0,0.0,0.122064
1171,6,0,0.0,0.151637
1172,6,0,0.0,0.196816
1173,6,0,0.0,0.109343
1174,6,0,0.0,0.17987
1175,6,0,0.0,0.188286
1176,6,0,0.0,0.186972
1177,6,0,0.0,0.128984
1178,6,0,0.0,0.14747
1179,6,0,0.0,0.141376
1180,6,0,0.0,0.193819
1181,6,0,0.0,0.182117
1182,6,0,0.0,0.18907
1183,6,0,0.0,0.158119
1184,6,0,0.0,0.19017
1185,6,0,0.0,0.199242
1186,6,0,0.0,0.152604
1187,6,0,0.0,0.209429
1188,6,0,0.0,0.196787
1189,6,0,0.0,0.26576
1190,6,0,0.0,0.162952
1191,6,0,0.0,0.210803
1192,6,0,0.0,0.191099
1193,6,0,0.0,0.13377
1194,6,0,0.0,0.156391
1195,6,0,0.0,0.138232
1196,6,0,0.0,0.128471
1197,6,0,0.0,0.165344
1198,6,0,0.0,0.189963
1199,6,0,0.0,0.165803
1200,6,0,0.0,0.207284
1201,6,0,0.0,0.085848
1202,6,0,0.0,0.237312
1203,6,0,0.0,0.169001
1204,6,0,0.0,0.123076
1205,6,0,0.0,0.168619
1206,6,0,0.0,0.192445
1207,6,0,0.0,0.181725
1208,6,0,0.0,0.153066
1209,6,0,0.0,0.184252
1210,6,0,0.0,0.172389
1211,6,0,0.0,0.17834
1212,6,0,0.0,0.14605
1213,6,0,0.0,0.196603
1214,6,0,0.0,0.183234
1215,6,0,0.0,0.223005
1216,6,0,0.0,0.18431
1217,6,0,0.0,0.175742
1218,6,0,0.0,0.169571
1219,6,0,0.0,0.177674
1220,6,0,0.0,0.216893
1221,6,0,0.0,0.103792
1222,6,0,0.0,0.215157
1223,6,0,0.0,0.186594
1224,6,0,0.0,0.157087
1225,6,0,0.0,0.165813
1226,6,0,0.0,0.169607
1227,6,0,0.0,0.125405
1228,6,0,0.0,0.161848
1229,6,0,0.0,0.167667
1230,6,0,0.0,0.175107
1231,6,0,0.0,0.142643
1232,6,0,0.0,0.247281
1233,6,0,0.0,0.201613
1234,6,0,0.0,0.183573
1235,6,0,0.0,0.124819
1236,6,0,0.0,0.180075
1237,6,0,0.0,0.189892
1238,6,0,0.0,0.188328
1239,6,0,0.0,0.223384
1240,6,0,0.0,0.166753
1241,6,0,0.0,0.146592
1242,6,0,0.0,0.202123
1243,6,0,0.0,0.195403
1244,6,0,0.0,0.173091
1245,6,0,0.0,0.180502
1246,6,0,0.0,0.161518
1247,6,0,0.0,0.184188
1248,6,0,0.0,0.168614
1249,6,0,0.0,0.178547
1250,6,0,0.0,0.130831
1251,6,0,0.0,0.136926
1252,6,0,0.0,0.183999
1253,6,0,0.0,0.153143
1254,6,0,0.0,0.164144
1255,6,0,0.0,0.144966
1256,6,0,0.0,0.158789
1257,6,0,0.0,0.132561
1258,6,0,0.0,0.189876
1259,6,0,0.0,0.230979
1260,6,0,0.0,0.202975
1261,6,0,0.0,0.234753
1262,6,0,0.0,0.191851
1263,6,0,0.0,0.150396
1264,6,0,0.0,0.157398
1265,6,0,0.0,0.190962
1266,6,0,0.0,0.132039
1267,6,0,0.0,0.149498
1268,6,0,0.0,0.209367
1269,6,0,0.0,0.155687
1270,6,0,0.0,0.18123
1271,6,0,0.0,0.187463
1272,6,0,0.0,0.177672
1273,6,0,0.0,0.227507
1274,6,0,0.0,0.150993
1275,6,0,0.0,0.220361
1276,6,0,0.0,0.189681
1277,6,0,0.0,0.199592
1278,6,0,0.0,0.133147
1279,6,0,0.0,0.175406
1280,6,0,0.0,0.154326
1281,6,0,0.0,0.209434
1282,6,0,0.0,0.182179
1283,6,0,0.0,0.147556
1284,6,0,0.0,0.179953
1285,6,0,0.0,0.23792
1286,6,0,0.0,0.143584
1287,6,0,0.0,0.151796
1288,6,0,0.0,0.114706
1289,6,0,0.0,0.165618
1290,6,0,0.0,0.17618
1291,6,0,0.0,0.131236
1292,6,0,0.0,0.18635
1293,6,0,0.0,0.161764
1294,6,0,0.0,0.168066
1295,6,0,0.0,0.17152
1296,6,0,0.0,0.16476
1297,6,0,0.0,0.186189
1298,6,0,0.0,0.141426
1299,6,0,0.0,0.163298
1300,6,0,0.0,0.190922
1301,6,0,0.0,0.135412
1302,6,0,0.0,0.241805
1303,6,0,0.0,0.221485
1304,6,0,0.0,0.156226
1305,6,0,0.0,0.171289
1306,6,0,0.0,0.139282
1307,6,0,0.0,0.151478
1308,6,0,0.0,0.159479
1309,6,0,0.0,0.190584
1310,6,0,0.0,0.169726
1311,6,0,0.0,0.179954
1312,6,0,0.0,0.132748
1313,6,0,0.0,0.167157
1314,6,0,0.0,0.142275
1315,6,0,0.0,0.130079
1316,6,0,0.0,0.177597
1317,6,0,0.0,0.170468
1318,6,0,0.0,0.178493
1319,6,0,0.0,0.195188
1320,6,0,0.0,0.159565
1321,6,0,0.0,0.168376
1322,6,0,0.0,0.167941
1323,6,0,0.0,0.144293
1324,6,0,0.0,0.131896
1325,6,0,0.0,0.172645
1326,6,0,0.0,0.17383
1327,6,0,0.0,0.180101
1328,6,0,0.0,0.140624
1329,6,0,0.0,0.179236
1330,6,0,0.0,0.141112
1331,6,0,0.0,0.20357
1332,6,0,0.0,0.16727
1333,6,0,0.0,0.142271
1334,6,0,0.0,0.153623
1335,6,0,0.0,0.162814
1336,6,0,0.0,0.139855
1337,6,0,0.0,0.194469
1338,6,0,0.0,0.162043
1339,6,0,0.0,0.155284
1340,6,0,0.0,0.157534
1341,6,0,0.0,0.135831
1342,6,0,0.0,0.160102
1343,6,0,0.0,0.166498
1344,6,0,0.0,0.171502
1345,6,0,0.0,0.132849
1346,6,0,0.0,0.184977
1347,6,0,0.0,0.139723
1348,6,0,0.0,0.179044
1349,6,0,0.0,0.130991
1350,6,0,0.0,0.154085
1351,6,0,0.0,0.122892
1352,6,0,0.0,0.1924
1353,6,0,0.0,0.171363
1354,6,0,0.0,0.15041
1355,6,0,0.0,0.161145
1356,6,0,0.0,0.177486
1357,6,0,0.0,0.189184
1358,6,0,0.0,0.188651
1359,6,0,0.0,0.169351
1360,6,0,0.0,0.159221
1361,6,0,0.0,0.15016
1362,6,0,0.0,0.137107
1363,6,0,0.0,0.23698
1364,6,0,0.0,0.177505
1365,6,0,0.0,0.102708
1366,6,0,0.0,0.174608
1367,6,0,0.0,0.267814
1368,6,0,0.0,0.167253
1369,6,0,0.0,0.175018
1370,6,0,0.0,0.200442
1371,6,0,0.0,0.133395
1372,6,0,0.0,0.208518
1373,6,0,0.0,0.163973
1374,6,0,0.0,0.162105
1375,6,0,0.0,0.126327
1376,6,0,0.0,0.131742
1377,6,0,0.0,0.125984
1378,6,0,0.0,0.167898
1379,6,0,0.0,0.123376
1380,6,0,0.0,0.172316
1381,6,0,0.0,0.178746
1382,6,0,0.0,0.166969
1383,6,0,0.0,0.170601
1384,6,0,0.0,0.192645
1385,6,0,0.0,0.120759
1386,6,0,0.0,0.122584
1387,6,0,0.0,0.156544
1388,6,0,0.0,0.129113
1389,6,0,0.0,0.182766
1390,6,0,0.0,0.144884
1391,6,0,0.0,0.122028
1392,6,0,0.0,0.147412
1393,6,0,0.0,0.129664
1394,6,0,0.0,0.151562
1395,6,0,0.0,0.133315
1396,6,0,0.0,0.156962
1397,6,0,0.0,0.189161
1398,6,0,0.0,0.203461
1399,6,0,0.0,0.177983
1400,6,0,0.0,0.140766
1401,6,0,0.0,0.133329
1402,6,0,0.0,0.133723
1403,6,0,0.0,0.13904
1404,6,0,0.0,0.135101
1405,6,0,0.0,0.15418
1406,6,0,0.0,0.176793
1407,6,0,0.0,0.147214
1408,6,0,0.0,0.185559
1409,6,0,0.0,0.16048
1410,6,0,0.0,0.151234
1411,6,0,0.0,0.164932
1412,6,0,0.0,0.156897
1413,6,0,0.0,0.194331
1414,6,0,0.0,0.11582
1415,6,0,0.0,0.184531
1416,6,0,0.0,0.1788
1417,6,0,0.0,0.220754
1418,6,0,0.0,0.135861
1419,6,0,0.0,0.164739
1420,6,0,0.0,0.172452
1421,6,0,0.0,0.173743
1422,6,0,0.0,0.139325
1423,6,0,0.0,0.169193
1424,6,0,0.0,0.161348
1425,6,0,0.0,0.173041
1426,6,0,0.0,0.150141
1427,6,0,0.0,0.180668
1428,6,0,0.0,0.156546
1429,6,0,0.0,0.118873
1430,6,0,0.0,0.171608
1431,6,0,0.0,0.20973
1432,6,0,0.0,0.150905
1433,6,0,0.0,0.167381
1434,6,0,0.0,0.201403
1435,6,0,0.0,0.199698
1436,6,0,0.0,0.213682
1437,6,0,0.0,0.196449
1438,6,0,0.0,0.135498
1439,6,0,0.0,0.132837
1440,6,0,0.0,0.181551
1441,6,0,0.0,0.100219
1442,6,0,0.0,0.159501
1443,6,0,0.0,0.21123
1444,6,0,0.0,0.215817
1445,6,0,0.0,0.169917
1446,6,0,0.0,0.174607
1447,6,0,0.0,0.18215
1448,6,0,0.0,0.130112
1449,6,0,0.0,0.160361
1450,6,0,0.0,0.210874
1451,6,0,0.0,0.157117
1452,6,0,0.0,0.162851
1453,6,0,0.0,0.158127
1454,6,0,0.0,0.201141
1455,6,0,0.0,0.186573
1456,6,0,0.0,0.167465
1457,6,0,0.0,0.127331
1458,6,0,0.0,0.197776
1459,6,0,0.0,0.182599
1460,6,0,0.0,0.179443
1461,6,0,0.0,0.13153
1462,6,0,0.0,0.137965
1463,6,0,0.0,0.178379
1464,6,0,0.0,0.132409
1465,6,0,0.0,0.203026
1466,6,0,0.0,0.20141
1467,6,0,0.0,0.182973
1468,6,0,0.0,0.164422
1469,6,0,0.0,0.149414
1470,6,0,0.0,0.180915
1471,6,0,0.0,0.178292
1472,6,0,0.0,0.073768
1473,6,0,0.0,0.158815
1474,6,0,0.0,0.173505
1475,6,0,0.0,0.159707
1476,6,0,0.0,0.189679
1477,6,0,0.0,0.155533
1478,6,0,0.0,0.180318
1479,6,0,0.0,0.135608
1480,6,0,0.0,0.173183
1481,6,0,0.0,0.183885
1482,6,0,0.0,0.179476
1483,6,0,0.0,0.160042
1484,6,0,0.0,0.20608
1485,6,0,0.0,0.161852
1486,6,0,0.0,0.14731
1487,6,0,0.0,0.154159
1488,6,0,0.0,0.165374
1489,6,0,0.0,0.188858
1490,6,0,0.0,0.186268
1491,6,0,0.0,0.161823
1492,6,0,0.0,0.172916
1493,6,0,0.0,0.185925
1494,6,0,0.0,0.192164
1495,6,0,0.0,0.133326
1496,6,0,0.0,0.149391
1497,6,0,0.0,0.101752
1498,6,0,0.0,0.126509
1499,6,0,0.0,0.122113
1500,6,0,0.0,0.138721
1501,6,0,0.0,0.177241
1502,6,0,0.0,0.172877
1503,6,0,0.0,0.162631
1504,6,0,0.0,0.19624
1505,6,0,0.0,0.178667
1506,6,0,0.0,0.19683
1507,6,0,0.0,0.161835
1508,6,0,0.0,0.153331
1509,6,0,0.0,0.156054
1510,6,0,0.0,0.186313
1511,6,0,0.0,0.135524
1512,6,0,0.0,0.191408
1513,6,0,0.0,0.19117
1514,6,0,0.0,0.123952
1515,6,0,0.0,0.172858
1516,6,0,0.0,0.248392
1517,6,0,0.0,0.222798
1518,6,0,0.0,0.164407
1519,6,0,0.0,0.137852
1520,6,0,0.0,0.165181
1521,6,0,0.0,0.151898
1522,6,0,0.0,0.177866
1523,6,0,0.0,0.217677
1524,6,0,0.0,0.16832
1525,6,0,0.0,0.203203
1526,6,0,0.0,0.18454
1527,6,0,0.0,0.124894
1528,6,0,0.0,0.24779
1529,6,0,0.0,0.165775
1530,6,0,0.0,0.178001
1531,6,0,0.0,0.183327
1532,6,0,0.0,0.169311
1533,6,0,0.0,0.157222
1534,6,0,0.0,0.225876
1535,6,0,0.0,0.14085
1536,6,0,0.0,0.207477
1537,6,0,0.0,0.214422
1538,6,0,0.0,0.191873
1539,6,0,0.0,0.146715
1540,6,0,0.0,0.200497
1541,6,0,0.0,0.192985
1542,6,0,0.0,0.166387
1543,6,0,0.0,0.188364
1544,6,0,0.0,0.186373
1545,6,0,0.0,0.206005
1546,6,0,0.0,0.185312
1547,6,0,0.0,0.160152
1548,6,0,0.0,0.21673
1549,6,0,0.0,0.157933
1550,6,0,0.0,0.226973
1551,6,0,0.0,0.235485
1552,6,0,0.0,0.172481
1553,6,0,0.0,0.131135
1554,6,0,0.0,0.162558
1555,6,0,0.0,0.189546
1556,6,0,0.0,0.185626
1557,6,0,0.0,0.141643
1558,6,0,0.0,0.169333
1559,6,0,0.0,0.163659
1560,6,0,0.0,0.146071
1561,6,0,0.0,0.210496
1562,6,0,0.0,0.213302
1563,6,0,0.0,0.145721
1564,6,0,0.0,0.116204
1565,6,0,0.0,0.192944
1566,6,0,0.0,0.146643
1567,6,0,0.0,0.189316
1568,6,0,0.0,0.168793
1569,6,0,0.0,0.150006
1570,6,0,0.0,0.147032
1571,6,0,0.0,0.177435
1572,6,0,0.0,0.138515
1573,6,0,0.0,0.165529
1574,6,0,0.0,0.14904
1575,6,0,0.0,0.175093
1576,6,0,0.0,0.149129
1577,6,0,0.0,0.179227
1578,6,0,0.0,0.162613
1579,6,0,0.0,0.195493
1580,6,0,0.0,0.226033
1581,6,0,0.0,0.168005
1582,6,0,0.0,0.223308
1583,6,0,0.0,0.203173
1584,6,0,0.0,0.146876
1585,6,0,0.0,0.143142
1586,6,0,0.0,0.114282
1587,6,0,0.0,0.217516
1588,6,0,0.0,0.167281
1589,6,0,0.0,0.156472
1590,6,0,0.0,0.139077
1591,6,0,0.0,0.181943
1592,6,0,0.0,0.15934
1593,6,0,0.0,0.186195
1594,6,0,0.0,0.204291
1595,6,0,0.0,0.129371
1596,6,0,0.0,0.11414
1597,6,0,0.0,0.142413
1598,6,0,0.0,0.144985
1599,6,0,0.0,0.190189
1600,6,0,0.0,0.162311
1601,6,0,0.0,0.155347
1602,6,0,0.0,0.124796
1603,6,0,0.0,0.188061
1604,6,0,0.0,0.146669
1605,6,0,0.0,0.134573
1606,6,0,0.0,0.132232
1607,6,0,0.0,0.167443
1608,6,0,0.0,0.176064
1609,6,0,0.0,0.164033
1610,6,0,0.0,0.152959
1611,6,0,0.0,0.191464
1612,6,0,0.0,0.22918
1613,6,0,0.0,0.150947
1614,6,0,0.0,0.148985
1615,6,0,0.0,0.140222
1616,6,0,0.0,0.186544
1617,6,0,0.0,0.148459
1618,6,0,0.0,0.180645
1619,6,0,0.0,0.192651
1620,6,0,0.0,0.172402
1621,6,0,0.0,0.1953
1622,6,0,0.0,0.14585
1623,6,0,0.0,0.10621
1624,6,0,0.0,0.175837
1625,6,0,0.0,0.174777
1626,6,0,0.0,0.14629
1627,6,0,0.0,0.134927
1628,6,0,0.0,0.14534
1629,6,0,0.0,0.180023
1630,6,0,0.0,0.144968
1631,6,0,0.0,0.149578
1632,6,0,0.0,0.154756
1633,6,0,0.0,0.224944
1634,6,0,0.0,0.103474
1635,6,0,0.0,0.165748
1636,6,0,0.0,0.195331
1637,6,0,0.0,0.173111
1638,6,0,0.0,0.161229
1639,6,0,0.0,0.151235
1640,6,0,0.0,0.142079
1641,6,0,0.0,0.167068
1642,6,0,0.0,0.156716
1643,6,0,0.0,0.19036
1644,6,0,0.0,0.168561
1645,6,0,0.0,0.193299
1646,6,0,0.0,0.152159
1647,6,0,0.0,0.183457
1648,6,0,0.0,0.15137
1649,6,0,0.0,0.178836
1650,6,0,0.0,0.158234
1651,6,0,0.0,0.21299
1652,6,0,0.0,0.217647
1653,6,0,0.0,0.234706
1654,6,0,0.0,0.157305
1655,6,0,0.0,0.226455
1656,6,0,0.0,0.176438
1657,6,0,0.0,0.151145
1658,6,0,0.0,0.155784
1659,6,0,0.0,0.185037
1660,6,0,0.0,0.161282
1661,6,0,0.0,0.144769
1662,6,0,0.0,0.174846
1663,6,0,0.0,0.229705
1664,6,0,0.0,0.139687
1665,6,0,0.0,0.172776
1666,6,0,0.0,0.129414
1667,6,0,0.0,0.208223
1668,6,0,0.0,0.165456
1669,6,0,0.0,0.12107
1670,6,0,0.0,0.208972
1671,6,0,0.0,0.171367
1672,6,0,0.0,0.155994
1673,6,0,0.0,0.192868
1674,6,0,0.0,0.184559
1675,6,0,0.0,0.174623
1676,6,0,0.0,0.20123
1677,6,0,0.0,0.159131
1678,6,0,0.0,0.179994
1679,6,0,0.0,0.123235
1680,6,0,0.0,0.152438
1681,6,0,0.0,0.157634
1682,6,0,0.0,0.185357
1683,6,0,0.0,0.172344
1684,6,0,0.0,0.193786
1685,6,0,0.0,0.160972
1686,6,0,0.0,0.150523
1687,6,0,0.0,0.160427
1688,6,0,0.0,0.139574
1689,6,0,0.0,0.158527
1690,6,0,0.0,0.15218
1691,6,0,0.0,0.208239
1692,6,0,0.0,0.221202
1693,6,0,0.0,0.151571
1694,6,0,0.0,0.167321
1695,6,0,0.0,0.189537
1696,6,0,0.0,0.144055
1697,6,0,0.0,0.129214
1698,6,0,0.0,0.167357
1699,6,0,0.0,0.210647
1700,6,0,0.0,0.14291
1701,6,0,0.0,0.119464
1702,6,0,0.0,0.132195
1703,6,0,0.0,0.201142
1704,6,0,0.0,0.168428
1705,6,0,0.0,0.194988
1706,6,0,0.0,0.169701
1707,6,0,0.0,0.151814
1708,6,0,0.0,0.207095
1709,6,0,0.0,0.168398
1710,6,0,0.0,0.15898
1711,6,0,0.0,0.202197
1712,6,0,0.0,0.175957
1713,6,0,0.0,0.186603
1714,6,0,0.0,0.199628
1715,6,0,0.0,0.146678
1716,6,0,0.0,0.16126
1717,6,0,0.0,0.247427
1718,6,0,0.0,0.207474
1719,6,0,0.0,0.141572
1720,6,0,0.0,0.173495
1721,6,0,0.0,0.161204
1722,6,0,0.0,0.163471
1723,6,0,0.0,0.152059
1724,6,0,0.0,0.19747
1725,6,0,0.0,0.152416
1726,6,0,0.0,0.188765
1727,6,0,0.0,0.225753
1728,6,0,0.0,0.163505
1729,6,0,0.0,0.164094
1730,6,0,0.0,0.20434
1731,6,0,0.0,0.146692
1732,6,0,0.0,0.16922
1733,6,0,0.0,0.19571
1734,6,0,0.0,0.205062
1735,6,0,0.0,0.198123
1736,6,0,0.0,0.184064
1737,6,0,0.0,0.162199
1738,6,0,0.0,0.159654
1739,6,0,0.0,0.189773
1740,6,0,0.0,0.204029
1741,6,0,0.0,0.158913
1742,6,0,0.0,0.170065
1743,6,0,0.0,0.170975
1744,6,0,0.0,0.219257
1745,6,0,0.0,0.159396
1746,6,0,0.0,0.153531
1747,6,0,0.0,0.126928
1748,6,0,0.0,0.187409
1749,6,0,0.0,0.124778
1750,6,0,0.0,0.175394
1751,6,0,0.0,0.154835
1752,6,0,0.0,0.195855
1753,6,0,0.0,0.214855
1754,6,0,0.0,0.190432
1755,6,0,0.0,0.131983
1756,6,0,0.0,0.120827
1757,6,0,0.0,0.149619
1758,6,0,0.0,0.177232
1759,6,0,0.0,0.221952
1760,6,0,0.0,0.156047
1761,6,0,0.0,0.181105
1762,6,0,0.0,0.169107
1763,6,0,0.0,0.169719
1764,6,0,0.0,0.181189
1765,6,0,0.0,0.179034
1766,6,0,0.0,0.181058
1767,6,0,0.0,0.196833
1768,6,0,0.0,0.196992
1769,6,0,0.0,0.176495
1770,6,0,0.0,0.184852
1771,6,0,0.0,0.135089
1772,6,0,0.0,0.210593
1773,6,0,0.0,0.195322
1774,6,0,0.0,0.155444
1775,6,0,0.0,0.194644
1776,6,0,0.0,0.154346
1777,6,0,0.0,0.169744
1778,6,0,0.0,0.161689
1779,6,0,0.0,0.185384
1780,6,0,0.0,0.18828
1781,6,0,0.0,0.171618
1782,6,0,0.0,0.159561
1783,6,0,0.0,0.14731
1784,6,0,0.0,0.163987
1785,6,0,0.0,0.133865
1786,6,0,0.0,0.14701
1787,6,0,0.0,0.144046
1788,6,0,0.0,0.112219
1789,6,0,0.0,0.204903
1790,6,0,0.0,0.141775
1791,6,0,0.0,0.222802
1792,6,0,0.0,0.176599
1793,6,0,0.0,0.155182
1794,6,0,0.0,0.176375
1795,6,0,0.0,0.15569
1796,6,0,0.0,0.158818
1797,6,0,0.0,0.148604
1798,6,0,0.0,0.206999
1799,6,0,0.0,0.169545
1800,6,0,0.0,0.209057
1801,6,0,0.0,0.185671
1802,6,0,0.0,0.177393
1803,6,0,0.0,0.188331
1804,6,0,0.0,0.173251
1805,6,0,0.0,0.161157
1806,6,0,0.0,0.187903
1807,6,0,0.0,0.213563
1808,6,0,0.0,0.163045
1809,6,0,0.0,0.185974
1810,6,0,0.0,0.081768
1811,6,0,0.0,0.161352
1812,6,0,0.0,0.16477
1813,6,0,0.0,0.16543
1814,6,0,0.0,0.15591
1815,6,0,0.0,0.189176
1816,6,0,0.0,0.206084
1817,6,0,0.0,0.185347
1818,6,0,0.0,0.184334
1819,6,0,0.0,0.147009
1820,6,0,0.0,0.168594
1821,6,0,0.0,0.197814
1822,6,0,0.0,0.197782
1823,6,0,0.0,0.192741
1824,6,0,0.0,0.123094
1825,6,0,0.0,0.148008
1826,6,0,0.0,0.110753
1827,6,0,0.0,0.219476
1828,6,0,0.0,0.195972
1829,6,0,0.0,0.172109
1830,6,0,0.0,0.174923
1831,6,0,0.0,0.143913
1832,6,0,0.0,0.177467
1833,6,0,0.0,0.151504
1834,6,0,0.0,0.137008
1835,6,0,0.0,0.16042
1836,6,0,0.0,0.177847
1837,6,0,0.0,0.130334
1838,6,0,0.0,0.140711
1839,6,0,0.0,0.213892
1840,6,0,0.0,0.190492
1841,6,0,0.0,0.164568
1842,6,0,0.0,0.136413
1843,6,0,0.0,0.143051
1844,6,0,0.0,0.205234
1845,6,0,0.0,0.185123
1846,6,0,0.0,0.176226
1847,6,0,0.0,0.136513
1848,6,0,0.0,0.152286
1849,6,0,0.0,0.19671
1850,6,0,0.0,0.199728
1851,6,0,0.0,0.161946
1852,6,0,0.0,0.140023
1853,6,0,0.0,0.200692
1854,6,0,0.0,0.189013
1855,6,0,0.0,0.196306
1856,6,0,0.0,0.268303
1857,6,0,0.0,0.160206
1858,6,0,0.0,0.161559
1859,6,0,0.0,0.161748
1860,6,0,0.0,0.102471
1861,6,0,0.0,0.158782
1862,6,0,0.0,0.141179
1863,6,0,0.0,0.205195
1864,6,0,0.0,0.206755
1865,6,0,0.0,0.206458
1866,6,0,0.0,0.151292
1867,6,0,0.0,0.159282
1868,6,0,0.0,0.14429
1869,6,0,0.0,0.195718
1870,6,0,0.0,0.166891
1871,6,0,0.0,0.160306
1872,6,0,0.0,0.179996
1873,6,0,0.0,0.176963
1874,6,0,0.0,0.155643
1875,6,0,0.0,0.147368
1876,6,0,0.0,0.098869
1877,6,0,0.0,0.172688
1878,6,0,0.0,0.125584
1879,6,0,0.0,0.171651
1880,6,0,0.0,0.148038
1881,6,0,0.0,0.190552
1882,6,0,0.0,0.115908
1883,6,0,0.0,0.170063
1884,6,0,0.0,0.199125
1885,6,0,0.0,0.151052
1886,6,0,0.0,0.13462
1887,6,0,0.0,0.149998
1888,6,0,0.0,0.127859
1889,6,0,0.0,0.187044
1890,6,0,0.0,0.189828
1891,6,0,0.0,0.155507
1892,6,0,0.0,0.166081
1893,6,0,0.0,0.151345
1894,6,0,0.0,0.173464
1895,6,0,0.0,0.170475
1896,6,0,0.0,0.14943
1897,6,0,0.0,0.22931
1898,6,0,0.0,0.109228
1899,6,0,0.0,0.143195
1900,6,0,0.0,0.181042
1901,6,0,0.0,0.198051
1902,6,0,0.0,0.153287
1903,6,0,0.0,0.172479
1904,6,0,0.0,0.181409
1905,6,0,0.0,0.133096
1906,6,0,0.0,0.19588
1907,6,0,0.0,0.142576
1908,6,0,0.0,0.180848
1909,6,0,0.0,0.169783
1910,6,0,0.0,0.156093
1911,6,0,0.0,0.177845
1912,6,0,0.0,0.137901
1913,6,0,0.0,0.172227
1914,6,0,0.0,0.185908
1915,6,0,0.0,0.173576
1916,6,0,0.0,0.186402
1917,6,0,0.0,0.176136
1918,6,0,0.0,0.133078
1919,6,0,0.0,0.1194
1920,6,0,0.0,0.175558
1921,6,0,0.0,0.142426
1922,6,0,0.0,0.148876
1923,6,0,0.0,0.153967
1924,6,0,0.0,0.134498
1925,6,0,0.0,0.166033
1926,6,0,0.0,0.180797
1927,6,0,0.0,0.18656
1928,6,0,0.0,0.167395
1929,6,0,0.0,0.184769
1930,6,0,0.0,0.187616
1931,6,0,0.0,0.189735
1932,6,0,0.0,0.201106
1933,6,0,0.0,0.172085
1934,6,0,0.0,0.189413
1935,6,0,0.0,0.217606
1936,6,0,0.0,0.208431
1937,6,0,0.0,0.181281
1938,6,0,0.0,0.194341
1939,6,0,0.0,0.181541
1940,6,0,0.0,0.23616
1941,6,0,0.0,0.153632
1942,6,0,0.0,0.17483
1943,6,0,0.0,0.187992
1944,6,0,0.0,0.171812
1945,6,0,0.0,0.205247
1946,6,0,0.0,0.167928
1947,6,0,0.0,0.12401
1948,6,0,0.0,0.162341
1949,6,0,0.0,0.15765
1950,6,0,0.0,0.187562
1951,6,0,0.0,0.195494
1952,6,0,0.0,0.176766
1953,6,0,0.0,0.179285
1954,6,0,0.0,0.141104
1955,6,0,0.0,0.1714
1956,6,0,0.0,0.169022
1957,6,0,0.0,0.16738
1958,6,0,0.0,0.189202
1959,6,0,0.0,0.210967
1960,6,0,0.0,0.161513
1961,6,0,0.0,0.162411
1962,6,0,0.0,0.142981
1963,6,0,0.0,0.185242
1964,6,0,0.0,0.183714
1965,6,0,0.0,0.120513
1966,6,0,0.0,0.184695
1967,6,0,0.0,0.220289
1968,6,0,0.0,0.194244
1969,6,0,0.0,0.096508
1970,6,0,0.0,0.130949
1971,6,0,0.0,0.149194
1972,6,0,0.0,0.186165
1973,6,0,0.0,0.165085
1974,6,0,0.0,0.152339
1975,6,0,0.0,0.182953
1976,6,0,0.0,0.116023
1977,6,0,0.0,0.169529
1978,6,0,0.0,0.145669
1979,6,0,0.0,0.130029
1980,6,0,0.0,0.194859
1981,6,0,0.0,0.211097
1982,6,0,0.0,0.109628
1983,6,0,0.0,0.118336
1984,6,0,0.0,0.164946
1985,6,0,0.0,0.125618
1986,6,0,0.0,0.197902
1987,6,0,0.0,0.21219
1988,6,0,0.0,0.141719
1989,6,0,0.0,0.135087
1990,6,0,0.0,0.173668
1991,6,0,0.0,0.207893
1992,6,0,0.0,0.1872
1993,6,0,0.0,0.126128
1994,6,0,0.0,0.143693
1995,6,0,0.0,0.1956
1996,6,0,0.0,0.127682
1997,6,0,0.0,0.216124
1998,6,0,0.0,0.195077
1999,6,0,0.0,0.132809
2000,6,0,0.0,0.157462
2001,6,0,0.0,0.155544
2002,6,0,0.0,0.136129
2003,6,0,0.0,0.181586
2004,6,0,0.0,0.187616
2005,6,0,0.0,0.169043
2006,6,0,0.0,0.175906
2007,6,0,0.0,0.164869
2008,6,0,0.0,0.159125
2009,6,0,0.0,0.181368
2010,6,0,0.0,0.178831
2011,6,0,0.0,0.146714
2012,6,0,0.0,0.143037
2013,6,0,0.0,0.192118
2014,6,0,0.0,0.131781
2015,6,0,0.0,0.168549
2016,6,0,0.0,0.176065
2017,6,0,0.0,0.184688
2018,6,0,0.0,0.160493
2019,6,0,0.0,0.119377
2020,6,0,0.0,0.1919
2021,6,0,0.0,0.159473
2022,6,0,0.0,0.130661
2023,6,0,0.0,0.17086
2024,6,0,0.0,0.190729
2025,6,0,0.0,0.185638
2026,6,0,0.0,0.197248
2027,6,0,0.0,0.181619
2028,6,0,0.0,0.179868
2029,6,0,0.0,0.199824
2030,6,0,0.0,0.173119
2031,6,0,0.0,0.166171
2032,6,0,0.0,0.125689
2033,6,0,0.0,0.20881
2034,6,0,0.0,0.143792
2035,6,0,0.0,0.160476
2036,6,0,0.0,0.164687
2037,6,0,0.0,0.113212
2038,6,0,0.0,0.210385
2039,6,0,0.0,0.181903
2040,6,0,0.0,0.188298
2041,6,0,0.0,0.177084
2042,6,0,0.0,0.129175
2043,6,0,0.0,0.172092
2044,6,0,0.0,0.163186
2045,6,0,0.0,0.163013
2046,6,0,0.0,0.177178
2047,6,0,0.0,0.132814
2048,6,0,0.0,0.128821
2049,6,0,0.0,0.156769
2050,6,0,0.0,0.185141
2051,6,0,0.0,0.192973
2052,6,0,0.0,0.134011
2053,6,0,0.0,0.186396
2054,6,0,0.0,0.146999
2055,6,0,0.0,0.157767
2056,6,0,0.0,0.14074
2057,6,0,0.0,0.173518
2058,6,0,0.0,0.135657
2059,6,0,0.0,0.141461
2060,6,0,0.0,0.135939
2061,6,0,0.0,0.140517
2062,6,0,0.0,0.227295
2063,6,0,0.0,0.187199
2064,6,0,0.0,0.171061
2065,6,0,0.0,0.187996
2066,6,0,0.0,0.194017
